标题,借贷编号,项目总额,年化收益,项目期限,还款方式,发布日期,交易进度,来源门店,性别,婚姻状况,籍贯,还清期数,待还款,逾期次数,车辆品牌,车牌号,公里数,购买价格,抵押估价,审核时间,审核说明
思铭思铭抵押,借贷编号：730120,24000.00,10.00,6个月,等额本息,2016-07-26,100.00%,包头财富营业部, 男 ,  已婚  ,  内蒙古自治区包头市昆  ,6, 6 期, 0 期, 思铭思铭 , 蒙B0D515 , 29288 , 120000.00元 , 66300.00元 , 2016-07-26 ,[审核人:张*]
宝马525Li抵押,借贷编号：730074,280000.00,12.60,24个月,等额本息,2016-07-26,100.00%,晋江青阳营业部, 男 ,  已婚  ,    ,26, 24 期, 0 期, 宝马525Li , 闽CVT253 , 62700 , 499600.00元 , 320000.00元 , 2016-07-20 ,[审核人:潘**]
宝马X6 xDrive35i抵押续贷,借贷编号：728555,150000.00,10.00,1个月,按月还息到期还本,2016-07-26,100.00%,深圳罗湖营业部, 女 , 未婚  ,    ,12, 2 期, 0 期, 宝马x6 , 粤BB26D9 , 110000 , 1055000.00元 , 330000.00元 , 2016-01-26 ,[审核人:陈**]
起亚智跑抵押续贷,借贷编号：730077,54000.00,8.80,1个月,按月还息到期还本,2016-07-26,100.00%,合肥瑶海营业部, 男 ,  已婚  ,  安徽省 六安地区 金  ,26, 2 期, 0 期, 起亚智跑 2012款 2.0 GL AT 2WD , 皖AN6617 , 57000 , 178800.00元 , 129000.00元 , 2015-06-26 ,[审核人:4****]
奥迪Q5抵押续贷,借贷编号：728361,56400.00,8.50,1个月,按月还息到期还本,2016-07-26,100.00%,成都高新营业部, 男 ,  已婚  ,    ,6, 2 期, 0 期, 奥迪Q5 , 川TDD339 , 30185 , 383600.00元 , 272500.00元 , 2016-05-26 ,[审核人:杨**]
JeepCompass[指南者]抵押续贷,借贷编号：729177,55000.00,8.80,29天,按月还息到期还本,2016-07-26,100.00%,台州温岭营业部, 男 , 未婚  ,  浙江省 台州市 温岭  ,26, 2 期, 0 期, 吉普指南者(进口) 2012款 指南者?2.0L 自动 运动版 , 浙J153T0 , 60000 , 221900.00元 , 145000.00元 , 2015-07-24 ,[审核人:1*****]
奔驰E 300 L抵押续贷,借贷编号：728418,155000.00,10.00,1个月,按月还息到期还本,2016-07-26,100.00%,苏州常熟营业部, 男 ,  已婚  ,    ,12, 2 期, 0 期, 奔驰E 300 L , 苏JX0999 , 186465 , 751000.00元 , 265000.00元 , 2016-04-26 ,[审核人:蒋*]
别克君威抵押续贷,借贷编号：729575,62400.00,8.50,1个月,按月还息到期还本,2016-07-26,100.00%,泉州丰泽营业部, 男 ,  已婚  ,  福建省泉州市南安市  ,6, 2 期, 0 期, 别克君威 , 闽C1028Q , 117332 , 200000.00元 , 92000.00元 , 2016-04-26 ,[审核人:陈**]
奔驰E 260 L质押续贷,借贷编号：729540,150000.00,10.00,1个月,按月还息到期还本,2016-07-26,100.00%,阜阳颍泉营业部, 女 , 未婚  ,  安徽省阜阳市阜南县  ,6, 2 期, 0 期, 奔驰E 260 L , 鄂AP77J8 , 30261 , 540000.00元 , 328900.00元 , 2016-05-26 ,[审核人:史**]
荣威550D抵押续贷,借贷编号：729708,28000.00,10.00,1个月,按月还息到期还本,2016-07-26,100.00%,台州玉环营业部, 男 ,  已婚  ,    ,12, 2 期, 0 期, 荣威550 , 浙JS909R , 180000 , 160000.00元 , 42800.00元 , 2016-01-26 ,[审核人:柯**]
